Aspect - simple,Language varieties - correctness,Language varieties - clarity,Language varieties - middle,Lexical and semantic fields - abstract,Lexical and semantic fields - concrete,Lexical and semantic fields - indefinite/thesis,Lexical and semantic fields - definite/hypothesis,Mood - indicative,Predication - active,Subject choices - humans,Subject choices - abstractions,Aspect - perfect,Figures of word choice - emphasis,Language varieties - forcefulness,Phrases built on nouns - appositives,Predication - stative,Tense - present,Aspect - progressive,Modifying clauses - adjective,Tense - past,Modifying clauses - subordinate,Verb choices - modality,New words and changing uses - acronyms,Verb choices - negation,Modifying clauses - noun,New words and changing uses - prefixes/suffixes,New words and changing uses - compounds,Modifying clauses - comparitive,Tense - future,Language varieties - high,Modifying clauses - conditional,Figures of word choice - ploce,Aspect - perfect progressive,Language varieties - low,Subject choices - concepts,Language varieties - allusions,Predication - compound,Verb choices - nominalization,New words and changing uses - doubling,Lexical and semantic fields - prototype,New words and changing uses - onomatopoeia,Subject choices - rhetorical participants,Figures of word choice - metaplasms,Language varieties - register shift,Language varieties - cliches/idioms,Language varieties - maxims/proverbs,Verb choices - personification,Verb choices - multiplication,New words and changing uses - blends,Subject choices - slot fillers,Modifying phrases - single word modifiers,Modifying phrases - prepositional phrases,Modifying phrases - multiplying and embedding modifiers
"[0.007027226374970033, 0.31368533874801796]","[0.004517723483306067, 0.5171878241452414]","[0.003269811188046253, 0.6392287062594274]","[0.011102776031825893, 0.1114301795882638]","[0.02676581201963693, 0.00012405765034612868]","[0.015513169314307042, 0.02613646461712868]","[0.005367462187399025, 0.44158982454856693]","[0.0320281034420282, 4.371607084930094e-06]","[-0.0052191442975551994, 0.4543110084374246]","[0.039418091864372874, 1.57459409700911e-08]","[0.045803985477724005, 5.0378432771164805e-11]","[0.03855184535269678, 3.22486657753143e-08]","[0.011684978970471835, 0.09386464779051183]","[0.02648987867392507, 0.00014558723358881236]","[0.01582423846271963, 0.023281543146763332]","[0.05203801798447423, 8.31083412639106e-14]","[0.007657830783813921, 0.27226838786184854]","[0.03406557976340329, 1.0343454277922588e-06]","[-0.002742664765982267, 0.6941556833156981]","[0.026038388773359955, 0.0001887438482747579]","[0.02298836543474898, 0.0009807190333592309]","[0.02363893600194747, 0.0007002844994069902]","[0.037919728371836395, 5.386687108261658e-08]","[0.012018093968980233, 0.08488214383415282]","[0.013307019116676921, 0.05642336061635312]","[0.028603810590084634, 4.1026382014803786e-05]","[0.005782480277350206, 0.40709776027842115]","[0.012862560488627758, 0.06516620427700331]","[0.006172434017819777, 0.3762003564440674]","[0.034241589168862885, 9.096331887428401e-07]","[0.005622428181774849, 0.42020518015022534]","[0.008145794093342585, 0.2428711148168036]","[-0.004163695657186837, 0.5505441024056763]","[-0.00558204094647329, 0.4235288835365714]","[-0.0017331084254452991, 0.8037729948860074]","[-0.002648398946256074, 0.7041906202664836]","[-0.0019161167136411282, 0.7835435274692409]","[-0.0008168958926279209, 0.9067717887285335]","[-0.0016341100998824981, 0.8147809482284062]","[-0.0010004645520839922, 0.885949363029353]","[-0.0008168560144164946, 0.9067740614751689]","[-0.0005775903766588774, 0.9340056356192257]","[-0.0010005622428679675, 0.8859438143647212]","[-0.0015283089638611184, 0.8265633104844848]","[-0.0011552650617987254, 0.8684524360246909]","[-0.001528383580000427, 0.8265591295719643]","[-0.0014149738096835823, 0.839246251709311]","[-0.0014151119854515183, 0.8392384833337053]","[-0.001528532834139048, 0.8265507668921369]","[-0.0005775903766588789, 0.9340056356192257]","[-0.0005776467729803856, 0.9340024105262792]","[-0.0009591390004726353, 0.890627482070581]","[-0.015826943584828605, 0.023254598112639413]","[-0.0007333228092508822, 0.9162684199826832]"
"[0.010414340293241349, 0.13539421559557244]","[0.006695262962968032, 0.3371173296298497]","[0.004845857836169259, 0.48722446422669796]","[0.00728929550813137, 0.2960030305245025]","[0.04633127078230764, 3.014770625251815e-11]","[0.036609707947964046, 1.518453335769512e-07]","[0.007954575113155336, 0.2541092584419154]","[0.023556904721907124, 0.0007309413642172319]","[0.012322136545134706, 0.07729035245166394]","[0.049478588967724856, 1.2687910090628158e-12]","[0.03728653004384957, 8.933537935922634e-08]","[0.07144795492262039, 1.1151863701702204e-24]","[-0.002602671512789376, 0.709036378153522]","[0.05799726093847075, 8.65059702692357e-17]","[0.10086809006770778, 1.2485401967605146e-47]","[0.01533379069372236, 0.027920370443378306]","[0.032851707821525196, 2.4657765845462756e-06]","[0.04568304229361736, 5.660152939669066e-11]","[0.011520303209343798, 0.09858705537356412]","[0.021284010754882003, 0.002275295861583615]","[-0.012016661552440131, 0.08493445269911279]","[0.03282077248310476, 2.518635734148367e-06]","[0.07261266574144887, 1.939701654993045e-25]","[0.004142950222522536, 0.5525413605212803]","[0.014080443604667417, 0.0435242862801464]","[0.028688224440108503, 3.893140740694128e-05]","[0.02327332317627469, 0.0008467879545134943]","[0.020822279237053515, 0.0028310771085136677]","[0.017904849493375813, 0.010254325434526756]","[0.07299757933646298, 1.0814776882732522e-25]","[-0.00220195572772576, 0.7522426856200476]","[0.07046293692471045, 4.7651064830054084e-24]","[0.003930845530447273, 0.5730527734841238]","[-0.008272577379098265, 0.2355925320969561]","[-0.0025684654438390105, 0.7127029001018472]","[-0.003924926905938625, 0.5736585147712088]","[-0.002839683595724937, 0.6839258554776793]","[-0.0012106393687317085, 0.862212011880505]","[-0.002421750962921079, 0.728457787598046]","[-0.0014826877488368288, 0.8316658632695204]","[-0.0012105800276643289, 0.8622153798078357]","[-0.0008559885240654419, 0.9023298174005173]","[-0.001482833118345104, 0.8316576745280326]","[-0.00226495233668277, 0.7453907076051196]","[-0.0017121019932392243, 0.8061037265439535]","[-0.002265063369681262, 0.7453846378559605]","[-0.0020969901713885804, 0.7636927198311835]","[-0.0020971957848218655, 0.7636813954915647]","[-0.0022652854683408064, 0.745372497101306]","[-0.0008559885240654394, 0.9023298174005173]","[-0.0008560724450537944, 0.9023250185816865]","[0.039938068503619806, 1.0153627029205191e-08]","[0.015214700795688731, 0.029151356099158417]","[0.02756062438583213, 7.747694763040205e-05]"
"[0.0022153790307546423, 0.7507705632573921]","[0.001424241419155973, 0.8382078705405975]","[0.001030829032375187, 0.8825126370220971]","[0.003500221638303237, 0.615800806235197]","[0.002014038326689919, 0.7727782575276751]","[-0.0033382439555995434, 0.632231466780976]","[0.0016921270173562925, 0.8083216136457676]","[-0.007480448174820336, 0.2835184766757607]","[0.004242897522532824, 0.5429982043134733]","[0.008200309360677987, 0.2397436207437317]","[-0.00090507692900449, 0.8967642274168157]","[0.003948240372755948, 0.5713843812860983]","[-0.0017946663975773004, 0.7969433886419374]","[0.02354884756230574, 0.0007337996533093443]","[0.010567248185406691, 0.12976861155453995]","[0.012744354736384435, 0.0676812581931576]","[0.013990262543361293, 0.04488162377803795]","[0.018280486824903696, 0.008770518996285424]","[0.008190543231695576, 0.2402695212722525]","[0.012097089538778614, 0.08285392330337173]","[-0.008048119591515057, 0.24859014672461346]","[0.011243515724753492, 0.10696701689276383]","[0.02955869474670613, 2.2511869057103725e-05]","[-0.0049158140632667695, 0.48095988971257997]","[0.005593707966016581, 0.4226057475742794]","[-0.0015191758172682659, 0.8275875597548867]","[-0.0014780269528637939, 0.8321871335545463]","[-0.007363835788611167, 0.2910915715245876]","[0.013474200829369556, 0.0533822948562558]","[0.01710611748875118, 0.014187634914583334]","[-0.0023697906618168917, 0.7340483266995441]","[0.005720671508537512, 0.4121304204148166]","[0.013620282904492527, 0.05084225186503739]","[-0.0017597748815489775, 0.8008072920568264]","[-0.0005463735911523806, 0.9375649087304422]","[-0.0008349245708128481, 0.9047262740680191]","[-0.0006040681324540982, 0.9309877276329381]","[-0.00025753165171252766, 0.970548707781085]","[-0.0005151635767466449, 0.9411275166529703]","[-0.0003154028923506862, 0.9639337771656749]","[-0.00025751911853783363, 0.9705494242779266]","[-0.00018208908552797652, 0.9791734396816119]","[-0.00031543359522138276, 0.9639320224729159]","[-0.000481809314493516, 0.9449289354339173]","[-0.00036420474984746767, 0.9583580294101101]","[-0.0004818327653381562, 0.9449275968156674]","[-0.00044607960496455756, 0.9490083119166451]","[-0.00044612303171902485, 0.9490058323961513]","[-0.0004818796738765536, 0.9449249193425491]","[-0.00018208908552797687, 0.9791734396816119]","[-0.00018210681011403826, 0.9791724260735374]","[0.023631528279957105, 0.0007027917878852428]","[-0.0028059494551997046, 0.6874740761394091]","[0.008755770537419591, 0.20936082855639304]"
"[0.005963019647877439, 0.3925860140521762]","[0.003833556789205889, 0.5825940484059762]","[0.002774629063880419, 0.6907885006511688]","[0.009421365117435423, 0.1767841108336899]","[0.024648269777714393, 0.0004089586999743039]","[-0.01608649669090343, 0.021088933075340686]","[0.004554610565552274, 0.513772549598872]","[0.0012964150367595437, 0.8525541472055747]","[0.0070265659367519185, 0.3137543646622978]","[0.018943570562437444, 0.006607171004956636]","[0.009412799791916174, 0.1771990465164925]","[0.02633217185591906, 0.0001596353780178792]","[-0.022350620580238862, 0.001351323619800374]","[0.01842804205010678, 0.008236371707530171]","[0.06320884573184962, 1.1792733023973623e-19]","[-0.011552043636041906, 0.09768683649116919]","[0.018614822496254787, 0.00761049022598923]","[0.035877155990176546, 2.676183925947134e-07]","[-0.010130010306690519, 0.14639152067313355]","[0.008857198375148517, 0.20414289997564405]","[-0.017586502542478843, 0.011690224577373365]","[0.0022624277000725685, 0.7456706628590198]","[0.044844278538157846, 1.2591984643504884e-10]","[-0.0014877903798831138, 0.8310952623957765]","[0.04487413103591341, 1.22416731917826e-10]","[-0.004615592718560569, 0.5081522226661825]","[0.012736228437863647, 0.06784989851014454]","[-0.009169938553043131, 0.1886191063651]","[-0.008060950505597051, 0.24781358962100328]","[0.03532126321048472, 4.080487830551902e-07]","[0.009076258161762295, 0.19317501184654778]","[0.07337063703113153, 6.088056989240533e-26]","[0.004381876105760947, 0.5298561552199031]","[-0.004736693833805574, 0.4970665348425027]","[-0.0014706454689727246, 0.8330128405013685]","[-0.002247323646569709, 0.7473223169484887]","[-0.0016259388746640248, 0.8156816201885733]","[-0.0006931846671435641, 0.9208397710062755]","[-0.001386639378389638, 0.8424302531219179]","[-0.0008489536135121592, 0.9031285443920997]","[-0.0006931508604812623, 0.9208416995843343]","[-0.000490119751242561, 0.9439819574684272]","[-0.0008490364306483103, 0.9031238314490959]","[-0.0012968610185253879, 0.8525004588757631]","[-0.000980311043240284, 0.888231575361498]","[-0.001296924274199657, 0.8524968940120767]","[-0.0012006893460180213, 0.8633299879151467]","[-0.001200806484213847, 0.8633233705551023]","[-0.0012970508040622006, 0.8524897635542666]","[-0.0004901197512425588, 0.9439819574684272]","[-0.0004901675610914492, 0.9439792233830075]","[0.011067197892950834, 0.11257264950073141]","[0.0036203933138573975, 0.6037246739397015]","[0.007455487008218165, 0.2851164685941964]"
"[0.008496043447134904, 0.22317996163677514]","[0.005462010024965323, 0.43358808247197533]","[0.003953261317309009, 0.5708764327909799]","[0.009697257865370576, 0.1644440890298969]","[0.03912330297704714, 2.0109421989389454e-08]","[-0.006909090127036667, 0.3219136834289139]","[0.0064893596043513295, 0.35218663208018564]","[0.019722105294026345, 0.004687888273905964]","[0.013172196771034175, 0.05895713509853275]","[0.03833451699632856, 3.8475090419434365e-08]","[0.023305380199631933, 0.0008333746982068371]","[0.06169894933237616, 8.483974703108504e-19]","[0.0007948339930015738, 0.9092719809817186]","[0.029741104527672712, 2.000113528715101e-05]","[0.08973499484596482, 5.067416154114339e-38]","[-0.0068716949430155105, 0.32455154912604073]","[0.05005110342570863, 6.976357412857115e-13]","[0.03354544838068021, 1.5065853251707952e-06]","[-0.0026350114835400566, 0.7055886512205827]","[0.02354984127614773, 0.0007336385948618974]","[0.008549216762936252, 0.22034150828497304]","[0.061242482542600535, 1.5187649969813089e-18]","[0.010599937746778677, 0.12860450522655653]","[0.01612557670250446, 0.020778107128122152]","[0.03459818622214715, 6.9983259169126e-07]","[0.01051563278644326, 0.13165321387607246]","[0.026352564309296642, 0.00015765590724394637]","[0.03562222404879911, 3.245571908704867e-07]","[0.00585264653851438, 0.4014292539461932]","[0.005982843661113785, 0.3910604379040315]","[0.012715871824210185, 0.06829072504083715]","[0.01482687082531993, 0.033522417336191074]","[0.0060703039147838094, 0.384137671541428]","[-0.006748788195275034, 0.33324539436748896]","[-0.0020953596715500423, 0.7638709964172599]","[-0.0032019630852459357, 0.6462140447029723]","[-0.0023166200272294224, 0.7397967698852251]","[-0.0009876420978445215, 0.8874040089165874]","[-0.0019756691960809143, 0.7770019511423482]","[-0.0012095798765236236, 0.8623280771604859]","[-0.0009875938082936925, 0.8874067566425293]","[-0.00069831729172712, 0.9202536507484649]","[-0.0012096981728085736, 0.8623213795103121]","[-0.0018477532478122587, 0.7910790526820993]","[-0.0013967365139442235, 0.8412904491605837]","[-0.0018478436023812738, 0.7910740378846942]","[-0.0017107291232218718, 0.8062561111321558]","[-0.0017108964437968547, 0.8062467785668883]","[-0.0018480243380320422, 0.7910640072487618]","[-0.0006983172917271181, 0.9202536507484649]","[-0.0006983855834897318, 0.9202497454752332]","[0.017417462021146815, 0.01251419078015503]","[0.012555390647505446, 0.07184211905171937]","[0.014380089759788182, 0.03923086267335328]"
"[0.009511321107168801, 0.17266610839886404]","[0.008543085404455518, 0.2206501720911041]","[0.006183263836121494, 0.3753634554755284]","[0.020995522239669627, 0.0026094410497715004]","[0.054494443363523874, 5.3498541149661445e-15]","[-0.01706196854221135, 0.014434454692252121]","[0.010149954516157971, 0.14561808355115707]","[0.01941991732685055, 0.005362727993730896]","[0.003339558426038873, 0.6320973815542399]","[0.045295020930720284, 8.19955370404579e-11]","[0.04877728334254877, 2.619201525242508e-12]","[0.05542262660231168, 1.8443735503474137e-15]","[0.020444884008574953, 0.0033729882551542427]","[0.07047431583852794, 4.6743234947646955e-24]","[0.09425309794661368, 8.746048989858102e-42]","[-0.002110057212365645, 0.7622700501189549]","[0.06357582427025238, 7.270214536099721e-20]","[0.052069701291317265, 8.039473040208362e-14]","[0.017850056096347176, 0.010485294412963779]","[0.04376367216667024, 3.4476306772206276e-10]","[0.02767995355579691, 7.220468268564731e-05]","[0.027163942034675984, 9.816833655339787e-05]","[0.04702475579593727, 1.5291784889033055e-11]","[0.0010239936883534792, 0.8832860874523224]","[0.08163746616925573, 9.72264397911e-32]","[0.012083521731328234, 0.08319945797055305]","[0.025905846913132455, 0.00020351491237587292]","[0.03013555531935416, 1.5506844361570914e-05]","[0.01857920530760439, 0.007725517760873817]","[-0.007038379969463599, 0.31296495832827764]","[-0.010679682359924267, 0.12573591833119824]","[0.03405829454074202, 1.0385937584669755e-06]","[0.007662027801612192, 0.2719823597475039]","[-0.001070428531658705, 0.8780281117822862]","[-0.00327733500035407, 0.6384578100519332]","[-0.005008167921519646, 0.472778771097779]","[-0.003623406521012119, 0.6034322698565058]","[-0.001544763507930343, 0.8247345592260017]","[-0.003090130281932014, 0.6577687868441083]","[-0.001891894035605987, 0.7862130041965886]","[-0.0015446874338569429, 0.8247388558923666]","[-0.0010922323897914756, 0.8755696749194399]","[-0.0018920803964594785, 0.7862026066464087]","[-0.0028900547900609906, 0.6786226226224317]","[-0.002184624208232321, 0.7541295948194032]","[-0.0028901971320201185, 0.6786150601463233]","[-0.002675737491651087, 0.7012693244471288]","[-0.002676001083943564, 0.7012551481995922]","[-0.0028904818580095205, 0.6785999336358276]","[-0.0010922323897914693, 0.8755696749194399]","[-0.0010923399748740054, 0.8755635237574256]","[0.02705921929062797, 0.00010439310812435199]","[-0.01640508165050015, 0.018666315982735188]","[0.006701286281650294, 0.3366710834215317]"
"[0.013630509931603143, 0.05066305353361497]","[0.00876290705050196, 0.20900085127620036]","[0.006342365047223371, 0.3632013973552605]","[0.005023759122804717, 0.47138009349209437]","[0.05837998070734185, 5.439269547783716e-17]","[0.005761951142906875, 0.4087652264967947]","[0.010411122420188903, 0.135534021110972]","[0.020339256568124155, 0.0035428069224738234]","[0.012370557533220517, 0.0761339998865313]","[0.050398053870754425, 4.839503145217765e-13]","[0.033530321766506804, 1.5230307854583334e-06]","[0.07746789984275158, 9.765926732737196e-29]","[0.018118987216099208, 0.009377757040896663]","[0.13132370139421962, 9.505272269165868e-80]","[0.14682854601654438, 2.0135915580893137e-99]","[0.016109499926356248, 0.02090860143413919]","[0.04014052615036936, 8.566077531751111e-09]","[0.04105625837089475, 3.903693844848835e-09]","[-0.0009734150351578923, 0.8890073381646634]","[0.04313684691753522, 6.124597323922595e-10]","[0.02466918569829489, 0.00040460472326910707]","[0.018001136376873787, 0.009853154454890774]","[0.03426994489912512, 8.909467671418517e-07]","[0.026017493238287753, 0.00019100363124446788]","[0.01832693680323809, 0.008600659333842194]","[0.017064247280836803, 0.014421376651500381]","[0.04818259576869936, 4.788521881609662e-12]","[0.03435973173887763, 8.331613252245257e-07]","[0.03370816676455631, 1.3385547270149958e-06]","[0.025351967873008894, 0.0002779912397440358]","[-0.011129823594301065, 0.11056122212280238]","[0.012561041060582695, 0.07172121678731463]","[0.017652639526074033, 0.01137287705477856]","[0.00769043862889114, 0.2701969759950384]","[-0.003361663921383937, 0.629844280750777]","[0.02403858966131868, 0.0005676447683814973]","[-0.003716640188713615, 0.5941459620754058]","[-0.001584511779410689, 0.8203008701637436]","[-0.003169642446074982, 0.6495448639202047]","[0.02377860328329252, 0.0006508218119346766]","[-0.0015844336986151632, 0.8203052772481683]","[-0.0011203365594704994, 0.8723950563979005]","[-0.001940765530524742, 0.7808400920816392]","[-0.002964418533804968, 0.6708331061319216]","[-0.0022408366498399214, 0.7480150576294068]","[-0.002964564630515228, 0.6708253740620964]","[-0.0027445867413022993, 0.6939663243837382]","[-0.0027448572867636804, 0.6939518209522848]","[-0.002964856867144284, 0.670809908329732]","[-0.0011203365594704947, 0.8723950563979005]","[-0.0011204469824943443, 0.872388743123187]","[0.09644491402771663, 1.1149360860418378e-43]","[0.042920419571813216, 7.447871856636203e-10]","[0.05717722401593153, 2.3228749072100613e-16]"
"[0.004663753235057594, 0.5037157255849961]","[0.006270305993446348, 0.36867889577525903]","[0.004538284993671303, 0.5152826409752524]","[0.015409930101632528, 0.027148599460259586]","[0.04442271878531096, 1.8681656761317213e-10]","[0.015428883839620372, 0.026960285338625996]","[0.0074496879783832156, 0.2855030405683213]","[0.041565383361934514, 2.4978906001067097e-09]","[0.005137510373491266, 0.4613999325674642]","[0.042736831423014834, 8.809271958975056e-10]","[0.04190695647662779, 1.8514001658076592e-09]","[0.0532868934603193, 2.0970886944348355e-14]","[0.006661976362860746, 0.3395014587957641]","[0.10267650390417267, 2.6690700898158705e-49]","[0.1177213016078553, 2.4408965645027357e-64]","[0.0049885021459301175, 0.4745081699678084]","[0.02316639012570362, 0.0008949886798716988]","[0.05492232964115783, 3.286948771436354e-15]","[0.0008543068551200884, 0.902516022183533]","[0.04575280631572205, 5.28123284810371e-11]","[-0.0008682426357504444, 0.9009435462281518]","[0.012666304367255337, 0.06937397088095831]","[0.024433774264450033, 0.00045953400802911654]","[0.025724725463747107, 0.0002254616705494555]","[0.012220021566108045, 0.07979056282435522]","[-0.0008464265567724736, 0.9034154843738748]","[0.022124696962059924, 0.0015123999261087715]","[0.02502742742075759, 0.0003324365896486288]","[0.0019656674229339356, 0.7780907186123172]","[0.02554544404369616, 0.0002495317863776612]","[-0.010433141734362366, 0.13470911130109098]","[0.0006715888665677055, 0.9232963728374092]","[0.013627788436415093, 0.050714814649765384]","[-0.007747506928292077, 0.2666581441739988]","[-0.0024054416317241057, 0.7302022970762587]","[-0.0036758064054705367, 0.5982228748698863]","[-0.0026594452179473384, 0.7030015598249557]","[-0.0011337984765970735, 0.8708782499228891]","[-0.0022680391037322827, 0.7450737239318779]","[-0.0013885796464400129, 0.8422050902894471]","[-0.0011337429530392927, 0.8708814041632396]","[-0.000801657829192941, 0.9085009007693298]","[-0.0013887156640827393, 0.8421974139970677]","[-0.0021211929881742872, 0.7610422595169819]","[-0.001603432673067165, 0.8181880149984222]","[-0.002121296878256168, 0.7610365484992953]","[-0.001963891502482101, 0.778285962918874]","[-0.001964083888469376, 0.7782753177313311]","[-0.0021215046889529695, 0.7610251252815389]","[-0.0008016578291929388, 0.9085009007693298]","[-0.0008017363513991457, 0.9084964105829721]","[0.03766621165258858, 6.587932345566651e-08]","[0.014334624578320125, 0.0398560350275261]","[0.022845020542756816, 0.0010540730383338118]"
"[0.0156122190382568, 0.025189130056227325]","[0.018558488147908617, 0.0077940133551545185]","[0.01343215280959328, 0.05413105421778504]","[0.0189578971398187, 0.00656497278372872]","[0.12500480864957952, 2.2543549075787613e-72]","[0.01278206298155655, 0.06686590593837197]","[0.022049154570278427, 0.001569806124572691]","[0.050082839285065815, 6.738903806967611e-13]","[0.03714879364205208, 9.947921402063278e-08]","[0.09089564611646743, 5.723620940655946e-39]","[0.08261875324364057, 1.8132415523868164e-32]","[0.1480562614697076, 4.5526092400855284e-101]","[0.01685544138168297, 0.01565898441717734]","[0.26384476258258555, 0.0]","[0.29532069164958685, 0.0]","[0.01290623275094559, 0.06426556084562175]","[0.06148575020559059, 1.1140023207179432e-18]","[0.07688831828566693, 2.480664612010184e-28]","[0.012734024638932012, 0.06788412284656907]","[0.08592014635219564, 5.4637783168745e-35]","[0.03799858625253386, 5.0549379981609644e-08]","[0.05097666587569443, 2.612038437444623e-13]","[0.007129928464808304, 0.3067123372836141]","[0.001448613727986261, 0.8354784454303139]","[0.0006299734686910302, 0.9280395149798435]","[0.006527429357476843, 0.34936878200661087]","[0.11841568432395638, 4.393704115434187e-65]","[0.10251158899117183, 3.81944344146259e-49]","[0.02438962560058539, 0.0004702804939913887]","[0.009686506500814377, 0.16493305127414326]","[-0.016701861537783212, 0.01663723353375047]","[-0.004843491124548105, 0.48743717085821325]","[0.037940195531242116, 5.286810389183179e-08]","[0.005599745671784404, 0.4220600297437585]","[0.0005075806640124862, 0.9419897286974037]","[-0.0008903435664917433, 0.8984355776345243]","[-0.007871271770288946, 0.25911653282290265]","[-0.0033557593648546203, 0.6304540841106008]","[-0.00671284412491671, 0.3358736342570223]","[0.009098702229111421, 0.19207620761143476]","[0.012821111138220922, 0.06603690167390099]","[0.020504048560947282, 0.0032834966777923547]","[-0.004110260608592202, 0.5556996187979487]","[-0.006278168373458705, 0.36806710759497924]","[-0.004745747064048903, 0.49626548011627136]","[-0.0062784915145225025, 0.36805410650915144]","[-0.005812612209146759, 0.4046576729202511]","[-0.0058132106143402055, 0.4046321644025575]","[-0.006279137896602206, 0.36802810204175773]","[-0.002372700365389682, 0.7337341759389603]","[-0.0023729446054811783, 0.7337202724452936]","[0.14295451733461767, 2.685744460473496e-94]","[0.07858451347940157, 1.574409835391858e-29]","[0.1149899973368203, 1.8645473512317516e-61]"
"[0.015153865347134126, 0.02979815005419312]","[0.013028080162941949, 0.06178313247931673]","[0.009429386821252859, 0.1764158409980827]","[0.010764085726757185, 0.12277328732719203]","[0.07801389607675885, 4.0075211419334777e-29]","[0.00029814159324174656, 0.9659063649143417]","[0.015478532032204187, 0.02647234426080171]","[0.08384385549878681, 2.1507932872846144e-33]","[0.025212285899738413, 0.00030019470244723064]","[0.08543118533435122, 1.3129710410313062e-34]","[0.1103409737008614, 1.077206053779293e-56]","[0.08749258768349819, 3.212258499940716e-36]","[0.006916838806178327, 0.3213477254198462]","[0.15674358811499356, 3.3043067637301707e-113]","[0.21297108622561214, 1.7542066914524442e-209]","[0.04637003363101112, 2.9061020632799326e-11]","[0.05478155287336297, 3.8578182867965474e-15]","[0.05217898724569986, 7.134509297776125e-14]","[-0.0012618032280066614, 0.8564404245799224]","[0.09097245341102841, 4.927541253985492e-39]","[0.03447918254461458, 7.640433991682969e-07]","[0.03476746671239224, 6.1660542496142e-07]","[-0.001076995468711435, 0.8772975858655843]","[0.013324376174353555, 0.056090363571046985]","[0.0022552482654661383, 0.7464618711388228]","[-0.0041734117842034905, 0.5496241340238706]","[0.09991017134498487, 9.28238006654233e-47]","[0.09416951766678654, 1.03065083892817e-41]","[0.01634638219356191, 0.019095860128819645]","[-0.006267313499943791, 0.36893076966284155]","[0.009414567471055643, 0.17709663330734915]","[-0.013461240083544938, 0.05361216229784318]","[0.011135374325949682, 0.11037489321782205]","[-5.4158635600578793e-05, 0.9938046273234057]","[0.005295327568439805, 0.4477511506577025]","[0.012584041907106509, 0.07121660393708648]","[-0.005525641894444042, 0.42825033593737677]","[-0.002355743595460065, 0.7355717579888176]","[-0.004712410890012654, 0.4993166882548694]","[0.014940658953879235, 0.03218656949278062]","[0.019475863151810144, 0.005231534206953919]","[-0.0016656384031164637, 0.8112651055346686]","[-0.0028853994659023027, 0.6791335298207637]","[-0.004407287757253571, 0.5274725524170367]","[-0.003331519932589076, 0.6329175534703877]","[-0.004407508311110304, 0.5274619335667624]","[-0.004080460499439564, 0.5585495159957423]","[-0.004080868927564127, 0.5585292841590703]","[-0.0044079494850785715, 0.5274406937703595]","[-0.0016656384031164693, 0.8112651055346686]","[-0.0016658051031990919, 0.811255583437762]","[0.10340605293501609, 5.559573630396512e-50]","[0.06150605681151662, 1.0811614730961141e-18]","[0.08642676822937596, 2.1913471868686898e-35]"
"[0.002293190967394781, 0.7423223101829537]","[0.001474265811943258, 0.8326078389140371]","[0.0010670353915770152, 0.8784176070419359]","[0.003623161794179915, 0.6034567309342237]","[0.012315073592535617, 0.07746021406843323]","[-0.004537132659636675, 0.5153893171813019]","[0.0017515604992251114, 0.8017271150850275]","[0.0065094824943262896, 0.3506953865091188]","[0.004391923080537697, 0.5289231227828193]","[0.004275422696562671, 0.5399202991977364]","[0.00042074444249102713, 0.951903114197064]","[0.02364811602068809, 0.0006973487070715091]","[-0.0025450776948655737, 0.7151911300681234]","[0.007595657112441714, 0.27615698819678447]","[-0.003275731012122992, 0.6386221233168697]","[0.0030865174699356026, 0.6581356661124113]","[0.01090062060532179, 0.11810552682689777]","[0.011253542304201686, 0.10667158043632813]","[0.0001464584010073557, 0.9832472363500951]","[0.0061492374539632525, 0.377996799243298]","[-0.002409672649181168, 0.7297589367499915]","[0.004910972503208982, 0.4813920335654701]","[0.010552058627241236, 0.13033973377162086]","[-0.00020787846990446895, 0.9762245806418338]","[-6.573879073250126e-07, 0.9999248059625937]","[0.02342221040519374, 0.0007839962576426881]","[0.010771020370164312, 0.12253232007369812]","[-0.0007275317286698207, 0.916929261363984]","[-0.0030999889647207284, 0.6567311966995434]","[0.008451985748350458, 0.22563453920563054]","[-0.002453026086159921, 0.7250794499149541]","[-0.004956364757582715, 0.4773487578512042]","[0.012953681906125118, 0.06327891523864802]","[-0.0018215843912008567, 0.7939658683353343]","[-0.0005655641628944996, 0.9353766872756668]","[-0.0008642500749259723, 0.9013967201087255]","[-0.0006252851404147781, 0.9285701481762989]","[-0.00026657707391207215, 0.9695147691915671]","[-0.0005332579437313258, 0.939063663231038]","[-0.00032648095675815727, 0.9626679129907497]","[-0.0002665641002120792, 0.9695155108555182]","[-0.00018848469782671893, 0.9784421122665916]","[-0.00032651273879608436, 0.9626660967115249]","[-0.0004987321600385, 0.9429978830859687]","[-0.0003769969079860573, 0.9568968155950034]","[-0.0004987564351506433, 0.9429964976203404]","[-0.0004617474974110279, 0.947219873709567]","[-0.0004617924505611357, 0.9472173073478283]","[-0.0004988049924649664, 0.9429937264420346]","[-0.00018848469782671855, 0.9784421122665916]","[-0.0001885030454096737, 0.9784410630278743]","[0.01046463223042634, 0.13352668318676553]","[0.0025201984590246906, 0.7178621795207093]","[0.009627098617135564, 0.16750852342323239]"
"[0.003554413377549491, 0.6103285090862702]","[0.002285091150100325, 0.7432123559599461]","[0.0016538897601664731, 0.8125715061342886]","[0.00561584951925943, 0.42074918948014184]","[0.006755113289414747, 0.332816025492166]","[0.01839477787465867, 0.008354697181919448]","[0.0027148939921280892, 0.6971124670466681]","[0.006799391665366104, 0.3296567471876623]","[0.006807418636419123, 0.329086106405215]","[0.017761249964567065, 0.010881573781439828]","[0.01538209223289875, 0.02743476321854544]","[0.005004856815831415, 0.4730715119099684]","[0.0028916328959354156, 0.678449573393935]","[0.017462682271695597, 0.012287169292749513]","[0.013129426323781272, 0.059784403054934196]","[0.031052762712233103, 8.474101104504765e-06]","[-0.001036722134180575, 0.8818487487411688]","[-0.0003874771257100806, 0.955701949427489]","[-0.006364572735131597, 0.36150026096286664]","[0.019842125939391848, 0.004441911545630279]","[0.01535191600013353, 0.02773964873907829]","[-0.00658099435735835, 0.3454283141045009]","[-0.006711002024877284, 0.33600626398267414]","[0.03769603848049175, 6.437201161538925e-08]","[-0.000582778219640008, 0.9334174865948521]","[0.01986830635967603, 0.004389834946418652]","[0.011751810404031641, 0.09201644984472337]","[0.03271473030481595, 2.713414826309733e-06]","[0.005470792010598129, 0.43284912739791204]","[-0.005604369416719166, 0.4217220903030468]","[-0.0038021557273045154, 0.5856863120999517]","[-0.001125358646476629, 0.871827981367815]","[0.015937001404475883, 0.02231238215688359]","[-0.0028234298933138046, 0.6856235743832283]","[-0.000876616450693262, 0.8999883445501208]","[-0.001339575455179363, 0.8477117591628361]","[-0.0009691831208970941, 0.8894921156648099]","[-0.0004131907032345125, 0.9527644442544724]","[-0.0008265423092535917, 0.9056782882969272]","[-0.0005060408638120595, 0.9421654000808442]","[-0.00041317058388960434, 0.9527655938358555]","[-0.00029214861488611094, 0.9665912802531571]","[-0.0005060901507380098, 0.9421625863112397]","[-0.0007730277725723407, 0.9117529185552666]","[-0.0005843398734985256, 0.9332362429458309]","[-0.0007730654179086266, 0.9117507766097849]","[-0.0007157020880272044, 0.9182752163378329]","[-0.0007157718004384482, 0.9182712466510956]","[-0.0007731407195819234, 0.9117464923076883]","[-0.0002921486148861103, 0.9665912802531571]","[-0.0002921770679383396, 0.9665896531137531]","[0.021282204136132674, 0.0022766974220392233]","[0.009901015840075241, 0.15574524021866595]","[0.019509701873440984, 0.005152510668466232]"
"[0.004314540738440153, 0.5361886285669325]","[0.002773768329470564, 0.6908794721622541]","[0.002007581639351235, 0.7734867707000582]","[0.006816824588774199, 0.3284182482763067]","[0.023170286409238915, 0.0008929394390913566]","[0.0032899378722532416, 0.6371673844937138]","[0.003295486472346695, 0.6365996039188618]","[0.01918001989875294, 0.0059596184954710685]","[-0.009911910124372515, 0.15530074263491636]","[0.022700410622761652, 0.0011347914497674334]","[0.026430873658663697, 0.000150806441165382]","[0.02632870381828617, 0.00015995426993359638]","[0.00785142016846121, 0.26029661857399694]","[0.04139468425864494, 2.898697485558415e-09]","[0.0697777198227044, 1.297933798701365e-23]","[0.012712816892811733, 0.0683638030657629]","[0.010378275472275454, 0.1367813579282349]","[0.02335101495105154, 0.0008139408842034012]","[-0.00179484148429262, 0.7969240119104629]","[0.028738990709744706, 3.772081704239043e-05]","[0.015169819435090805, 0.029642164737766447]","[0.013140500069243426, 0.059569295931840294]","[-0.003240620026714048, 0.6422395326760697]","[0.007818613588713616, 0.26231679347326503]","[0.005754724508047685, 0.4093759610727577]","[0.011318699871812925, 0.10464147519802047]","[0.04539824362105716, 7.421956024895397e-11]","[0.033387826055081435, 1.6847030937562995e-06]","[0.002639894320580151, 0.7050822966134634]","[-0.008719394252392454, 0.21129290281593663]","[-0.004615264095547928, 0.5081824230406923]","[0.017705945539057535, 0.011129367286619504]","[-0.005787788924960141, 0.4066558150389369]","[-0.0034272331332577386, 0.6231645320390828]","[-0.0010640848825304449, 0.8787511968235366]","[-0.0016260498503538623, 0.8156780733602994]","[-0.0011764473579462158, 0.8660630304074756]","[-0.0005015534324612731, 0.9426787663663866]","[-0.0010033021977795104, 0.885633625931048]","[-0.0006142600138284109, 0.9298263292592067]","[-0.0005015290003689881, 0.9426801617941468]","[-0.00035462593053856923, 0.9594522840561458]","[-0.0006143198658136999, 0.9298229151735994]","[-0.0009383432735058329, 0.8929844314367128]","[-0.0007093036243590852, 0.9190033197323387]","[-0.0009383889884260086, 0.8929818368316449]","[-0.0008687582484482748, 0.9008802264123792]","[-0.0008688429042876264, 0.9008754157994912]","[-0.0009384804316307361, 0.8929766471083147]","[-0.0003546259305385704, 0.9594522840561458]","[-0.00035466048273805875, 0.9594503081212447]","[0.027688516401300163, 7.1746154105113e-05]","[0.017323054406527483, 0.013000154470205512]","[0.024557563689506214, 0.0004294206465651202]"
"[0.005860596097385469, 0.40076712060833425]","[0.010029371432375244, 0.15046351280365286]","[0.007258999148538701, 0.2980150192128281]","[0.0059547143256211766, 0.3932686265586831]","[0.03665646635283658, 1.464099960038851e-07]","[0.029380464969680768, 2.5195932375282746e-05]","[0.011915796114032946, 0.08756812016709149]","[0.018238549600257295, 0.008923119812905039]","[0.01778423362399281, 0.010777334149293376]","[0.03845526180747208, 3.486982903448158e-08]","[0.030569674473543914, 1.1682517800673652e-05]","[0.050237571027943684, 5.740612594370289e-13]","[-0.008253924031266416, 0.23665030962454106]","[0.06215204519468567, 4.694016622434242e-19]","[0.09518855506104446, 1.378654472912598e-42]","[0.007838842806720096, 0.26109576445835575]","[0.017703177395370563, 0.011143965593348792]","[0.03964108895017252, 1.3073656369950303e-08]","[0.015609310483886647, 0.025216311594475505]","[0.022438017789473026, 0.001294349689581487]","[-0.0019442260030102711, 0.7804593250397197]","[0.03150220772924771, 6.2593956659312835e-06]","[-0.004274005477169643, 0.5400645151927594]","[-0.00827816772376684, 0.2352989522968101]","[0.03528678387365048, 4.187805984031344e-07]","[0.0047601325708465396, 0.4949608418513646]","[0.023491217288784824, 0.0007563839956535159]","[0.008871165022022719, 0.20343037220230367]","[0.019984715994794625, 0.004164915698705429]","[0.011666550612190619, 0.09441599190133625]","[0.0076202119605618965, 0.2746191319574617]","[-0.00905049434206391, 0.19444202675293507]","[0.049663450846103394, 1.0440906962386806e-12]","[-0.00016299193465669766, 0.9813563613626054]","[0.009229444614383821, 0.18576662885434503]","[0.011247316005060185, 0.10686555445136033]","[-0.004253789834615054, 0.5419631679979473]","[-0.001813514644648898, 0.7948728225093691]","[-0.003627738327444429, 0.6030170049095291]","[-0.0022210369082687523, 0.750166999486532]","[-0.0018134249264316173, 0.7948778653750248]","[-0.001282253870712377, 0.8541465868854247]","[0.043072106481285594, 6.5085266498837e-10]","[-0.003392852235306403, 0.62666287853422]","[-0.002564694906724647, 0.7131059771339864]","[-0.003393020106611342, 0.6266542061833392]","[-0.0031412497814085963, 0.6524608805561223]","[-0.0031415606498103165, 0.6524445482002862]","[-0.0033933558990684254, 0.6266368597065708]","[-0.0012822538707123745, 0.8541465868854247]","[-0.0012823807515884235, 0.8541393338971718]","[0.04351698817435276, 4.322374825084847e-10]","[0.02252662996185613, 0.001237829127100486]","[0.03948344562118444, 1.4884742205631806e-08]"
"[0.007226631027372966, 0.3001511512844323]","[0.0046459185434302285, 0.5053693437067853]","[0.003362595450605745, 0.6297494100890836]","[0.007049112944220948, 0.31220405617412134]","[0.011362164107613724, 0.10331549273122295]","[0.008111259413003833, 0.2448744692752504]","[0.005519769459052649, 0.4287413367078969]","[0.001168370965608353, 0.8669739205640502]","[-0.0006950989680206934, 0.9206199587617732]","[0.007290588441402505, 0.29592911857848747]","[0.002944727090178142, 0.6729148516319077]","[0.005316264446827113, 0.4459799582526643]","[-0.012221003284251564, 0.07973704886839791]","[0.03159615934553616, 5.869896828813534e-06]","[0.08422037345259567, 1.1123452616550464e-33]","[0.004454908967465067, 0.5230406943028226]","[-0.001697226302378758, 0.8077598613166008]","[0.00941816872664932, 0.17695208071993637]","[-0.013198805813418917, 0.05843501510499412]","[-0.002318392207529027, 0.739604937564105]","[-0.006519307804671261, 0.3499921634636342]","[-0.0005674773096775144, 0.9351585655496565]","[0.0058207897583623805, 0.40401983682259734]","[-0.005243647013941175, 0.45219528224910394]","[0.013520215060330376, 0.05258433854717405]","[-0.006116782236644145, 0.38051912364137336]","[0.010311942234483252, 0.13929805251420438]","[0.022225100141741456, 0.001439093076768413]","[0.00039456254369054635, 0.9548905772330177]","[0.017546964113039257, 0.011879950532159083]","[-0.0013393764569571724, 0.8477267871993003]","[0.010322573110462847, 0.1388907853893588]","[0.010785110306532772, 0.12203477609323207]","[-0.005740437001365614, 0.41049428526353554]","[-0.001782287163281434, 0.7983233072372061]","[-0.0027235500482827805, 0.6962088054880469]","[-0.0019704885002760995, 0.7775607610754348]","[-0.0008400761635973767, 0.9041389295842043]","[-0.0016804796904657873, 0.8096246522880488]","[-0.0010288537648989024, 0.8827361360954638]","[-0.0008400351457351453, 0.9041412668172315]","[-0.0005939800989020745, 0.9321374369363816]","[0.04660421152610646, 2.3137295374754102e-11]","[-0.001571676290806029, 0.8217234462914669]","[-0.0011880468986251547, 0.864755095928321]","[-0.0015717530393431606, 0.8217191509971499]","[-0.001455125149905444, 0.8347495730417758]","[-0.0014552672744982081, 0.8347415905558997]","[-0.0015719065589065875, 0.8217105595247444]","[-0.0005939800989020703, 0.9321374369363816]","[-0.0005940381069344371, 0.9321341196823929]","[0.0018926571643490464, 0.7861237882699703]","[-0.020896346879412754, 0.0027336431629486637]","[-0.015375974741020884, 0.02748503382286304]"
"[0.0020509426060090243, 0.7687213509756362]","[0.0013185271474528487, 0.8500688182144934]","[0.0009543157819231977, 0.8911766822684491]","[0.0032404178042650324, 0.6422441076263403]","[0.0003396153980969978, 0.9611671936599336]","[-0.009136560401897092, 0.19023319291603621]","[0.0015665289460861814, 0.822301797986597]","[-0.0008229032966983515, 0.9060870827779136]","[0.003927968595826489, 0.5733429111550666]","[-0.008349332317292128, 0.2313092467034599]","[0.004625981721941159, 0.5072186250087184]","[0.00825907473395119, 0.2364034984239053]","[-0.005503726998074042, 0.43006189602607503]","[0.001868874840180894, 0.7887471646949556]","[0.004485984751384538, 0.5201358073186435]","[-0.005147735542224616, 0.4605195385836989]","[0.008024549268398493, 0.24996706112270314]","[0.004063220080244298, 0.5602317734489958]","[-0.006389175138498816, 0.3596472320516052]","[-0.006049424073371947, 0.38578689921664894]","[-0.004572689020245897, 0.5121235387912559]","[-0.0037973188583877936, 0.5861633059001827]","[-0.008625796778733348, 0.21623580891782224]","[0.0021644764543601756, 0.7563249573785135]","[0.00302055553083518, 0.6649990652683403]","[0.006722438499694849, 0.33515987654814905]","[-0.0003496620711044569, 0.960019370163269]","[0.0008909680224752537, 0.8983598118042356]","[0.015015177171935047, 0.031336679853977055]","[-0.0060740374753520746, 0.38387999246388094]","[-0.00219389302920114, 0.7531203006256991]","[0.0069175279528166395, 0.32132305605473555]","[-0.0027512597615299422, 0.6932529138650253]","[-0.0016291556575417376, 0.8153147149360848]","[-0.0005058190296225505, 0.9421907087386314]","[-0.0007729523188047956, 0.9117679102517903]","[-0.0005592311955257443, 0.9360987561816342]","[-0.00023841637291233123, 0.972733843827359]","[-0.00047692557523181526, 0.9454902478586813]","[-0.00029199212321460175, 0.966609165437752]","[-0.00023840477057708245, 0.9727345071374253]","[-0.0001685735292446295, 0.9807189774445976]","[-0.00029202054578167944, 0.9666075409121816]","[-0.00044604703529623526, 0.9490107912621681]","[-0.0003371716644708648, 0.9614464003244934]","[-0.00044606874444581975, 0.9490095517001441]","[-0.0004129693612051931, 0.9527885711038492]","[-0.0004130095626527488, 0.9527862751789387]","[-0.00044611216908512223, 0.9490070723585667]","[-0.00016857352924463018, 0.9807189774445976]","[-0.00016858993742482951, 0.9807180391189171]","[-0.00597576240959607, 0.3915868320056778]","[-0.010009917046292189, 0.15124669203219332]","[-0.0063909197082336455, 0.35952774690072575]"
"[0.005337475202201697, 0.4441230606941438]","[0.003431401291606546, 0.6227589205803888]","[0.0024835593358982335, 0.7217987533250207]","[0.008433026093076737, 0.22665454761819512]","[0.008086028302586503, 0.24634543607039164]","[-0.021329828810412392, 0.0022259877924364247]","[0.004076813632031346, 0.5589011268011188]","[-0.04194198338234693, 1.791596710122861e-09]","[0.010222342815729462, 0.1427672035440621]","[-0.033462023257375156, 1.5985254218112954e-06]","[-0.025236034616180562, 0.000296473248907448]","[0.002856096836076819, 0.6822131183798279]","[0.002786763858219389, 0.6894921236526923]","[0.01514768252920181, 0.02986896341119144]","[0.022396175327511543, 0.001321687485273524]","[-0.00958548663103476, 0.16937319143164487]","[0.02005237028720528, 0.004039948021122052]","[0.02586243368180665, 0.00020873322827699348]","[0.021080035134835712, 0.0025059637484585516]","[-0.013213369416637472, 0.05816977070827028]","[-0.020832724337476453, 0.0028185817539065237]","[-0.0025525411445605256, 0.7144057804550902]","[-0.0036631487948643082, 0.599483618910073]","[-0.013623606631237972, 0.05079141230281393]","[0.020964808170023053, 0.002648813190581669]","[0.005154431856280889, 0.45992544878182445]","[-0.00022267983607572811, 0.9745322787239877]","[-0.002882110199885297, 0.6794642247700957]","[0.02021672052642881, 0.003747554006941597]","[0.0006183836802729548, 0.929359894397115]","[-0.005709497440830348, 0.4130441689714429]","[0.010344361196560523, 0.13805895359271894]","[0.034295680266139245, 8.72706193652799e-07]","[-0.004239795836889155, 0.543273504826714]","[-0.0013163688551418775, 0.8503113380423202]","[0.022295199556912646, 0.0013906182968484431]","[-0.001455371359126545, 0.8347220157739589]","[-0.0006204667978467399, 0.929120838678432]","[-0.0012411752814400663, 0.8587760617445029]","[-0.0007598949711980461, 0.9132482583381744]","[-0.0006204365524545391, 0.9291225649457276]","[-0.0004387042216750307, 0.9498502770574311]","[-0.0007599690641892742, 0.9132440377141509]","[-0.0011608151189464672, 0.8678230756057354]","[-0.0008774724791927929, 0.8998911955455398]","[-0.0011608717111313306, 0.8678198768496526]","[-0.0010747322132660844, 0.877547492470562]","[-0.0010748370118624818, 0.8775415576288698]","[-0.0011609849120566267, 0.8678134786931404]","[-0.0004387042216750281, 0.9498502770574311]","[-0.0004387469951250106, 0.9498478309815899]","[0.006619705081600901, 0.3425865537425701]","[-0.024686370776821443, 0.00040045306146737085]","[-0.011954121779966182, 0.08654624367069443]"
"[0.005031114369891438, 0.4707096029219371]","[0.003234445374007967, 0.6428575294714034]","[0.0023410077465201885, 0.7371583106303656]","[0.007948986410409026, 0.2544430673470033]","[0.016107910319224192, 0.020918120072550127]","[0.013924579457870599, 0.04589116385830765]","[0.0038428122717884504, 0.5816840577908424]","[0.0193266388073647, 0.0055880858083886325]","[0.00963559975125484, 0.16714400795151516]","[0.025140264204426364, 0.00031249693373804896]","[0.035672396455826864, 3.12829022203811e-07]","[0.030142110037873114, 1.5455609449077922e-05]","[-0.006903289895257311, 0.3222965544717336]","[0.038139761887062196, 4.499670916323282e-08]","[0.05837737257506015, 5.4566142710539657e-17]","[0.011621474187693832, 0.09568803562702781]","[0.023210194440237156, 0.0008750485157613591]","[0.02223586304273385, 0.0014322004729835235]","[-0.002344419796728378, 0.7367770829182764]","[0.015208049222038975, 0.0292258372122837]","[0.01843524860900323, 0.008215952294763603]","[0.024167339394584986, 0.0005297294860914623]","[0.004104904291582274, 0.5562147729531753]","[0.002907249490613232, 0.6768258227317766]","[0.0341719226615608, 9.571595798390875e-07]","[0.010674609989035933, 0.12591572183209027]","[0.004972891062851341, 0.47588131879795537]","[0.008488559780276541, 0.22361045239890265]","[0.00047124270613448983, 0.9461361557974148]","[-0.011416403157727947, 0.1016962186770795]","[-0.005381783130575762, 0.4403724130102864]","[0.03553131873405285, 3.4772383125253077e-07]","[0.00790453714281328, 0.2570972766111186]","[-0.003996439693355397, 0.5666586310795853]","[-0.0012408117827595762, 0.8588101896767582]","[-0.0018961099232623051, 0.7857583779246071]","[-0.001371835806993773, 0.8440832666199922]","[-0.0005848531756971719, 0.9331793546434931]","[-0.0011699341522811396, 0.8668040242355615]","[-0.0007162784429601591, 0.9182096342630244]","[-0.0005848246726084603, 0.9331809818261548]","[-0.00041352343248964843, 0.9527253027606294]","[-0.0007163482677809871, 0.9182056550107272]","[-0.001094186547350588, 0.8753458623644451]","[-0.0008271072252862725, 0.9056095526917192]","[-0.001094239879512169, 0.8753428438795792]","[-0.0010130446252377347, 0.8845252555747233]","[-0.0010131433868508317, 0.8845196564356027]","[-0.0010943465594337614, 0.8753368062995732]","[-0.0004135234324896507, 0.9527253027606294]","[-0.0004135637419494179, 0.9527229975902232]","[0.02116741537658949, 0.0024047298148320516]","[0.006300545066439299, 0.36636241389803637]","[0.011380423405595716, 0.10275408135965534]"
"[-0.030937800808053917, 9.135989922847438e-06]","[-0.03254413680025274, 3.057429000955372e-06]","[-0.02355460288970605, 0.0007318193230304205]","[-0.04220271241031663, 1.4209774997925539e-09]","[-0.1716413425306211, 1.1062027177765841e-135]","[-0.009591318813362473, 0.16910346028754816]","[-0.03866536416900539, 2.9339977995905942e-08]","[-0.07160475440467809, 8.780945075055807e-25]","[-0.03619860630761397, 2.0881791254751583e-07]","[-0.13596375914668862, 2.161093285724237e-85]","[-0.1269551785034702, 1.3327159937757978e-74]","[-0.2039292918046074, 7.418547418072393e-192]","[-0.012232930821732012, 0.07944351665863654]","[-0.2576368605108794, 5.93446438315117e-309]","[-0.3846828010198896, 0.0]","[-0.029783630332648824, 1.947981452578311e-05]","[-0.11028994970790998, 1.2041731344917093e-56]","[-0.1277680099041347, 1.5231236247226823e-75]","[-0.015462999792362963, 0.026616798061872265]","[-0.11105389843430644, 2.0463213407106765e-57]","[-0.043106984915469646, 6.305337117306755e-10]","[-0.07950560186322551, 3.463274414477824e-30]","[-0.039298776443736624, 1.7407688907670427e-08]","[-0.013691367483040284, 0.04965154410047126]","[-0.0666075587355543, 1.1851105734147208e-21]","[-0.026454195423405436, 0.00014867791269076346]","[-0.13050504787049166, 9.074415679125767e-79]","[-0.10934297617360288, 1.0504200247509699e-55]","[-0.040941562881805914, 4.30449884084586e-09]","[-0.028307711542578613, 4.929415192740656e-05]","[0.0062538220127497605, 0.36993909567538424]","[-0.04388009194034234, 3.0959287882381304e-10]","[-0.04917032094581125, 1.741753421447089e-12]","[-0.0009789439585915962, 0.8883810250540881]","[0.001913783938483637, 0.7838005022615663]","[-0.012072515908516868, 0.08349562793794521]","[0.013803050293895686, 0.047819670752390325]","[0.005884688929842236, 0.3988679599656593]","[0.011771770853526504, 0.0914812526841224]","[-0.020253086408545888, 0.0036856949839951126]","[-0.005325910912490646, 0.44513295068462355]","[-0.011692556005957118, 0.09366776868342684]","[-0.020252735911751682, 0.0036879504871054083]","[0.011009322282153814, 0.11446529115045159]","[0.008322134887329687, 0.23282126259687294]","[0.011009953241846993, 0.11445333789714139]","[0.01019298799523212, 0.14391808244751575]","[0.010194156456172696, 0.14389163745284242]","[0.011011215380695754, 0.11442943079643883]","[0.00416076377891553, 0.5508344792974295]","[0.004161240693814392, 0.5508082017605245]","[-0.15243342939661017, 4.215143136806897e-107]","[-0.05479672374887512, 3.779696734639824e-15]","[-0.10885947538827631, 3.1421182666419827e-55]"
